user_id,session_id,event_type,event_time,product_id,category_id,price
101,S001,view,2026-10-01 10:15:00,P101,C01,500.0
101,S001,cart,2026-10-01 10:18:00,P101,C01,500.0
101,S001,purchase,2026-10-01 10:22:00,P101,C01,500.0
102,S002,view,2026-10-01 10:25:00,P102,C02,800.0
102,S002,cart,2026-10-01 10:31:00,P102,C02,800.0
102,S002,purchase,2026-10-01 10:35:00,P102,C02,800.0
103,S003,view,2026-10-01 11:05:00,P103,C01,300.0
103,S003,cart,2026-10-01 11:10:00,P103,C01,300.0
103,S003,purchase,2026-10-01 11:18:00,P103,C01,300.0
104,S004,view,2026-10-01 11:20:00,P104,C03,1200.0
104,S004,cart,2026-10-01 11:27:00,P104,C03,1200.0
105,S005,view,2026-10-01 12:05:00,P105,C02,450.0
105,S005,purchase,2026-10-01 12:12:00,P105,C02,450.0
106,S006,view,2026-10-01 12:15:00,P106,C04,1500.0
106,S006,cart,2026-10-01 12:20:00,P106,C04,1500.0
106,S006,purchase,2026-10-01 12:25:00,P106,C04,1500.0
107,S007,view,2026-10-01 13:05:00,P107,C03,700.0
107,S007,purchase,2026-10-01 13:11:00,P107,C03,700.0
108,S008,view,2026-10-01 13:15:00,P108,C01,950.0
108,S008,cart,2026-10-01 13:21:00,P108,C01,950.0
109,S009,view,2026-10-01 14:05:00,P109,C04,1100.0
109,S009,purchase,2026-10-01 14:12:00,P109,C04,1100.0
113,S013,view,2026-10-01 15:05:00,P114,C04,1000.0
113,S013,purchase,2026-10-01 15:15:00,P114,C04,1000.0
114,S014,view,2026-10-01 15:20:00,P115,C01,250.0
114,S014,cart,2026-10-01 15:24:00,P115,C01,250.0
