customer_id,transaction_id,date_time,quantity,price,product_id,status,transaction_time,total_amount
101,T001,2026-10-01 10:22:00,1,500.0,P101,FINALIZED,2026-10-01 10:22:00,500.0
102,T002,2026-10-01 10:35:00,2,800.0,P102,FINALIZED,2026-10-01 10:35:00,1600.0
103,T003,2026-10-01 11:18:00,1,300.0,P103,FINALIZED,2026-10-01 11:18:00,300.0
105,T005,2026-10-01 12:12:00,1,450.0,P105,FINALIZED,2026-10-01 12:12:00,450.0
106,T006,2026-10-01 12:25:00,1,1500.0,P106,FINALIZED,2026-10-01 12:25:00,1500.0
107,T007,2026-10-01 13:11:00,1,700.0,P107,FINALIZED,2026-10-01 13:11:00,700.0
109,T009,2026-10-01 14:12:00,1,1100.0,P109,FINALIZED,2026-10-01 14:12:00,1100.0
113,T010,2026-10-01 15:15:00,1,1000.0,P114,FINALIZED,2026-10-01 15:15:00,1000.0
114,T011,2026-10-01 15:30:00,2,250.0,P115,FINALIZED,2026-10-01 15:30:00,500.0
101,T012,2026-10-01 10:40:00,1,700.0,P116,FINALIZED,2026-10-01 10:40:00,700.0
102,T013,2026-10-01 10:50:00,1,400.0,P117,FINALIZED,2026-10-01 10:50:00,400.0
105,T014,2026-10-01 12:40:00,1,600.0,P118,FINALIZED,2026-10-01 12:40:00,600.0
106,T015,2026-10-01 12:50:00,2,900.0,P119,FINALIZED,2026-10-01 12:50:00,1800.0
107,T016,2026-10-01 13:40:00,1,550.0,P120,FINALIZED,2026-10-01 13:40:00,550.0
110,T017,2026-10-01 14:30:00,1,500.0,P121,FINALIZED,2026-10-01 14:30:00,500.0
114,T022,2026-10-01 15:45:00,1,250.0,P115,FINALIZED,2026-10-01 15:45:00,250.0
