customer_id,transaction_id,date_time,quantity,price,product_id,status
101,T001,2026-10-01 10:22:00,1,500,P101,FINALIZED
102,T002,2026-10-01 10:35:00,2,800,P102,FINALIZED
103,T003,2026-10-01 11:18:00,1,300,P103,FINALIZED
104,T004,2026-10-01 11:35:00,1,1200,P104,PENDING
105,T005,2026-10-01 12:12:00,1,450,P105,FINALIZED
106,T006,2026-10-01 12:25:00,1,1500,P106,FINALIZED
107,T007,2026-10-01 13:11:00,1,700,P107,FINALIZED
108,T008,2026-10-01 13:30:00,1,950,P108,CANCELLED
109,T009,2026-10-01 14:12:00,1,1100,P109,FINALIZED
113,T010,2026-10-01 15:15:00,1,1000,P114,FINALIZED
114,T011,2026-10-01 15:30:00,2,250,P115,FINALIZED
101,T012,2026-10-01 10:40:00,1,700,P116,FINALIZED
102,T013,2026-10-01 10:50:00,1,400,P117,FINALIZED
105,T014,2026-10-01 12:40:00,1,600,P118,FINALIZED
106,T015,2026-10-01 12:50:00,2,900,P119,FINALIZED
107,T016,2026-10-01 13:40:00,1,550,P120,FINALIZED
110,T017,2026-10-01 14:30:00,1,500,P121,FINALIZED
,T018,2026-10-01 14:35:00,1,300,P122,FINALIZED
111,T019,2026-10-01 14:40:00,1,-200,P123,FINALIZED
112,T020,invalid-date,1,500,P124,FINALIZED
113,T021,2026-10-01 15:40:00,0,500,P125,FINALIZED
114,T022,2026-10-01 15:45:00,1,250,P115,FINALIZED
101,T012,2026-10-01 10:40:00,1,700,P116,FINALIZED